run_dir,model,metric,layer,z,mean_trigger_rate,std_trigger_rate,auc_maxz_vs_wrong,false_trigger_rate,genuine_error_fraction,n_genuine,path,recovery_rate,ci_low,ci_high,n,genuine_flip_rate
20260624-085847-Qwen2.5-7B-Instruct-gsm8k-l2,Qwen/Qwen2.5-7B-Instruct,l2,18,6.0,0.5733333333333334,0.044221663871405324,0.4588888888888889,0.4777777777777778,0.10416666666666667,5,path_a_baseline,0.8541666666666666,0.7283255295714138,0.9275184258620602,48,0.2
20260624-085847-Qwen2.5-7B-Instruct-gsm8k-l2,Qwen/Qwen2.5-7B-Instruct,l2,18,6.0,0.5733333333333334,0.044221663871405324,0.4588888888888889,0.4777777777777778,0.10416666666666667,5,path_b_full_cure,0.5531914893617021,0.41245213738758246,0.685892525250887,47,0.2
20260624-085847-Qwen2.5-7B-Instruct-gsm8k-l2,Qwen/Qwen2.5-7B-Instruct,l2,18,6.0,0.5733333333333334,0.044221663871405324,0.4588888888888889,0.4777777777777778,0.10416666666666667,5,path_c_prompt_only,0.5625,0.4227477150100165,0.6929894535958907,48,0.2
20260624-085847-Qwen2.5-7B-Instruct-gsm8k-l2,Qwen/Qwen2.5-7B-Instruct,l2,18,6.0,0.5733333333333334,0.044221663871405324,0.4588888888888889,0.4777777777777778,0.10416666666666667,5,path_d_rewind_only,0.8125,0.6805986065115378,0.8980872365179983,48,0.2
20260624-113828-Qwen2.5-7B-Instruct-gsm8k-sinkhorn,Qwen/Qwen2.5-7B-Instruct,sinkhorn,22,15.0,0.21333333333333337,0.06182412330330468,0.6233333333333333,0.16666666666666666,0.11764705882352941,2,path_a_baseline,0.7647058823529411,0.5273775411082839,0.9044511092832406,17,0.0
20260624-113828-Qwen2.5-7B-Instruct-gsm8k-sinkhorn,Qwen/Qwen2.5-7B-Instruct,sinkhorn,22,15.0,0.21333333333333337,0.06182412330330468,0.6233333333333333,0.16666666666666666,0.11764705882352941,2,path_b_full_cure,0.5882352941176471,0.36005074385515545,0.7838921396086862,17,0.0
20260624-113828-Qwen2.5-7B-Instruct-gsm8k-sinkhorn,Qwen/Qwen2.5-7B-Instruct,sinkhorn,22,15.0,0.21333333333333337,0.06182412330330468,0.6233333333333333,0.16666666666666666,0.11764705882352941,2,path_c_prompt_only,0.35294117647058826,0.17309486143904904,0.5870003327878818,17,0.0
20260624-113828-Qwen2.5-7B-Instruct-gsm8k-sinkhorn,Qwen/Qwen2.5-7B-Instruct,sinkhorn,22,15.0,0.21333333333333337,0.06182412330330468,0.6233333333333333,0.16666666666666666,0.11764705882352941,2,path_d_rewind_only,0.9411764705882353,0.730174547964372,0.9895398693548358,17,0.0
20260624-140935-Qwen2.5-7B-Instruct-gsm8k-random,Qwen/Qwen2.5-7B-Instruct,random,22,12.5,1.0,0.0,,1.0,0.1,10,path_a_baseline,0.83,0.7445181876635703,0.8910652394022684,100,0.3
20260624-140935-Qwen2.5-7B-Instruct-gsm8k-random,Qwen/Qwen2.5-7B-Instruct,random,22,12.5,1.0,0.0,,1.0,0.1,10,path_b_full_cure,0.75,0.6569535362992417,0.8245490599627573,100,0.3
20260624-140935-Qwen2.5-7B-Instruct-gsm8k-random,Qwen/Qwen2.5-7B-Instruct,random,22,12.5,1.0,0.0,,1.0,0.1,10,path_c_prompt_only,0.69,0.5937376052204429,0.7722043679386762,100,0.2
20260624-140935-Qwen2.5-7B-Instruct-gsm8k-random,Qwen/Qwen2.5-7B-Instruct,random,22,12.5,1.0,0.0,,1.0,0.1,10,path_d_rewind_only,0.88,0.8018773199709163,0.9300066263473222,100,0.3
20260624-154807-Qwen2.5-7B-Instruct-svamp-l2,Qwen/Qwen2.5-7B-Instruct,l2,26,4.0,0.9533333333333335,0.03399346342395189,0.554531490015361,0.956989247311828,0.06315789473684211,6,path_a_baseline,0.8,0.7086247086247087,0.8680555555555557,95,0.3333333333333333
20260624-154807-Qwen2.5-7B-Instruct-svamp-l2,Qwen/Qwen2.5-7B-Instruct,l2,26,4.0,0.9533333333333335,0.03399346342395189,0.554531490015361,0.956989247311828,0.06315789473684211,6,path_b_full_cure,0.7157894736842105,0.6180880088754301,0.7967170934296721,95,0.16666666666666666
20260624-154807-Qwen2.5-7B-Instruct-svamp-l2,Qwen/Qwen2.5-7B-Instruct,l2,26,4.0,0.9533333333333335,0.03399346342395189,0.554531490015361,0.956989247311828,0.06315789473684211,6,path_c_prompt_only,0.6631578947368421,0.5634242145911216,0.7502089115420044,95,0.3333333333333333
20260624-154807-Qwen2.5-7B-Instruct-svamp-l2,Qwen/Qwen2.5-7B-Instruct,l2,26,4.0,0.9533333333333335,0.03399346342395189,0.554531490015361,0.956989247311828,0.06315789473684211,6,path_d_rewind_only,0.7578947368421053,0.662829915418667,0.8329127678240165,95,0.16666666666666666
20260624-175251-Qwen2.5-7B-Instruct-svamp-sinkhorn,Qwen/Qwen2.5-7B-Instruct,sinkhorn,26,6.0,0.9466666666666667,0.01632993161855452,0.6651305683563749,0.8924731182795699,0.06741573033707865,6,path_a_baseline,0.7640449438202247,0.6660617969546638,0.8401767857496412,89,0.0
20260624-175251-Qwen2.5-7B-Instruct-svamp-sinkhorn,Qwen/Qwen2.5-7B-Instruct,sinkhorn,26,6.0,0.9466666666666667,0.01632993161855452,0.6651305683563749,0.8924731182795699,0.06741573033707865,6,path_b_full_cure,0.6966292134831461,0.5946267078910946,0.7823594707184943,89,0.16666666666666666
20260624-175251-Qwen2.5-7B-Instruct-svamp-sinkhorn,Qwen/Qwen2.5-7B-Instruct,sinkhorn,26,6.0,0.9466666666666667,0.01632993161855452,0.6651305683563749,0.8924731182795699,0.06741573033707865,6,path_c_prompt_only,0.6067415730337079,0.5028634843406101,0.7017861554760239,89,0.16666666666666666
20260624-175251-Qwen2.5-7B-Instruct-svamp-sinkhorn,Qwen/Qwen2.5-7B-Instruct,sinkhorn,26,6.0,0.9466666666666667,0.01632993161855452,0.6651305683563749,0.8924731182795699,0.06741573033707865,6,path_d_rewind_only,0.7415730337078652,0.6419686369260151,0.8211858110800512,89,0.16666666666666666
20260624-195559-Qwen2.5-7B-Instruct-svamp-random,Qwen/Qwen2.5-7B-Instruct,random,22,12.5,1.0,0.0,,1.0,0.07,7,path_a_baseline,0.77,0.6784543514317231,0.841568452531236,100,0.0
20260624-195559-Qwen2.5-7B-Instruct-svamp-random,Qwen/Qwen2.5-7B-Instruct,random,22,12.5,1.0,0.0,,1.0,0.07,7,path_b_full_cure,0.68,0.5833719774632081,0.7633098918454312,100,0.14285714285714285
20260624-195559-Qwen2.5-7B-Instruct-svamp-random,Qwen/Qwen2.5-7B-Instruct,random,22,12.5,1.0,0.0,,1.0,0.07,7,path_c_prompt_only,0.63,0.5322034757513312,0.7181778743049083,100,0.2857142857142857
20260624-195559-Qwen2.5-7B-Instruct-svamp-random,Qwen/Qwen2.5-7B-Instruct,random,22,12.5,1.0,0.0,,1.0,0.07,7,path_d_rewind_only,0.78,0.6892946528499969,0.849988254963442,100,0.14285714285714285
20260624-230642-Mistral-7B-Instruct-v0.1-gsm8k-l2,mistralai/Mistral-7B-Instruct-v0.1,l2,18,2.0,,,0.5308441558441559,0.9772727272727273,0.5656565656565656,56,path_a_baseline,0.9090909090909091,0.8042226375086602,0.9605424266636261,55,0.10714285714285714
20260624-230642-Mistral-7B-Instruct-v0.1-gsm8k-l2,mistralai/Mistral-7B-Instruct-v0.1,l2,18,2.0,,,0.5308441558441559,0.9772727272727273,0.5656565656565656,56,path_b_full_cure,0.9038461538461539,0.79390118138839,0.9582262648165898,52,0.16071428571428573
20260624-230642-Mistral-7B-Instruct-v0.1-gsm8k-l2,mistralai/Mistral-7B-Instruct-v0.1,l2,18,2.0,,,0.5308441558441559,0.9772727272727273,0.5656565656565656,56,path_c_prompt_only,0.9318181818181818,0.8177467866338279,0.9765410298271597,44,0.17857142857142858
20260624-230642-Mistral-7B-Instruct-v0.1-gsm8k-l2,mistralai/Mistral-7B-Instruct-v0.1,l2,18,2.0,,,0.5308441558441559,0.9772727272727273,0.5656565656565656,56,path_d_rewind_only,0.864406779661017,0.7546010154508226,0.9296590925031444,59,0.05357142857142857
20260625-001738-Mistral-7B-Instruct-v0.1-gsm8k-sinkhorn,mistralai/Mistral-7B-Instruct-v0.1,sinkhorn,20,6.0,,,0.5142045454545454,0.6818181818181818,0.5384615384615384,35,path_a_baseline,0.8780487804878049,0.7445549235115514,0.9467674200265919,41,0.14285714285714285
20260625-001738-Mistral-7B-Instruct-v0.1-gsm8k-sinkhorn,mistralai/Mistral-7B-Instruct-v0.1,sinkhorn,20,6.0,,,0.5142045454545454,0.6818181818181818,0.5384615384615384,35,path_b_full_cure,0.95,0.834958291820748,0.9861796228538989,40,0.2
20260625-001738-Mistral-7B-Instruct-v0.1-gsm8k-sinkhorn,mistralai/Mistral-7B-Instruct-v0.1,sinkhorn,20,6.0,,,0.5142045454545454,0.6818181818181818,0.5384615384615384,35,path_c_prompt_only,0.8157894736842105,0.6658083165848865,0.907783515467425,38,0.11428571428571428
20260625-001738-Mistral-7B-Instruct-v0.1-gsm8k-sinkhorn,mistralai/Mistral-7B-Instruct-v0.1,sinkhorn,20,6.0,,,0.5142045454545454,0.6818181818181818,0.5384615384615384,35,path_d_rewind_only,0.925,0.8013546984090248,0.9741644432281419,40,0.08571428571428572
20260625-011259-Mistral-7B-Instruct-v0.1-gsm8k-random,mistralai/Mistral-7B-Instruct-v0.1,random,22,12.5,,,,1.0,0.56,56,path_a_baseline,0.9838709677419355,0.914130769926111,0.9971472063077598,62,0.05357142857142857
20260625-011259-Mistral-7B-Instruct-v0.1-gsm8k-random,mistralai/Mistral-7B-Instruct-v0.1,random,22,12.5,,,,1.0,0.56,56,path_b_full_cure,0.921875,0.8298024712135222,0.9661693219045645,64,0.10714285714285714
20260625-011259-Mistral-7B-Instruct-v0.1-gsm8k-random,mistralai/Mistral-7B-Instruct-v0.1,random,22,12.5,,,,1.0,0.56,56,path_c_prompt_only,0.9,0.8076687752123195,0.9507113248938537,70,0.125
20260625-011259-Mistral-7B-Instruct-v0.1-gsm8k-random,mistralai/Mistral-7B-Instruct-v0.1,random,22,12.5,,,,1.0,0.56,56,path_d_rewind_only,0.9344262295081968,0.8431697859953278,0.9742067130423271,61,0.07142857142857142
20260625-020141-Yi-6B-Chat-gsm8k-l2,01-ai/Yi-6B-Chat,l2,26,4.0,,,0.59375,0.5,0.975609756097561,80,path_a_baseline,0.0,0.0,0.6576280471103807,2,0.025
20260625-020141-Yi-6B-Chat-gsm8k-l2,01-ai/Yi-6B-Chat,l2,26,4.0,,,0.59375,0.5,0.975609756097561,80,path_b_full_cure,0.07142857142857142,0.012721886112291636,0.3146926955395781,14,0.0875
20260625-020141-Yi-6B-Chat-gsm8k-l2,01-ai/Yi-6B-Chat,l2,26,4.0,,,0.59375,0.5,0.975609756097561,80,path_c_prompt_only,0.0,0.0,0.48990002040399916,4,0.0625
20260625-020141-Yi-6B-Chat-gsm8k-l2,01-ai/Yi-6B-Chat,l2,26,4.0,,,0.59375,0.5,0.975609756097561,80,path_d_rewind_only,0.0,0.0,0.3903430336530645,6,0.05
