run_dir,model,dataset,metric,method,n,trigger_rate,baseline_accuracy,final_accuracy,recovery_on_failures,false_trigger_on_correct
20260624-085847-Qwen2.5-7B-Instruct-gsm8k-l2,Qwen/Qwen2.5-7B-Instruct,gsm8k,l2,baseline_cot,100,0.0,0.9,0.9,,0.0
20260624-085847-Qwen2.5-7B-Instruct-gsm8k-l2,Qwen/Qwen2.5-7B-Instruct,gsm8k,l2,prompt_only,100,0.48,0.9,0.87,0.2,0.4777777777777778
20260624-085847-Qwen2.5-7B-Instruct-gsm8k-l2,Qwen/Qwen2.5-7B-Instruct,gsm8k,l2,sdr_l2,100,0.48,0.9,0.87,0.2,0.4777777777777778
20260624-113828-Qwen2.5-7B-Instruct-gsm8k-sinkhorn,Qwen/Qwen2.5-7B-Instruct,gsm8k,sinkhorn,baseline_cot,100,0.0,0.9,0.9,,0.0
20260624-113828-Qwen2.5-7B-Instruct-gsm8k-sinkhorn,Qwen/Qwen2.5-7B-Instruct,gsm8k,sinkhorn,prompt_only,100,0.17,0.9,0.89,0.0,0.16666666666666666
20260624-113828-Qwen2.5-7B-Instruct-gsm8k-sinkhorn,Qwen/Qwen2.5-7B-Instruct,gsm8k,sinkhorn,sdr_sinkhorn,100,0.17,0.9,0.89,0.0,0.16666666666666666
20260624-140935-Qwen2.5-7B-Instruct-gsm8k-random,Qwen/Qwen2.5-7B-Instruct,gsm8k,random,random_trigger,100,1.0,0.9,0.92,0.3,1.0
20260624-154807-Qwen2.5-7B-Instruct-svamp-l2,Qwen/Qwen2.5-7B-Instruct,svamp,l2,baseline_cot,100,0.0,0.93,0.93,,0.0
20260624-154807-Qwen2.5-7B-Instruct-svamp-l2,Qwen/Qwen2.5-7B-Instruct,svamp,l2,prompt_only,100,0.95,0.93,0.93,0.3333333333333333,0.956989247311828
20260624-154807-Qwen2.5-7B-Instruct-svamp-l2,Qwen/Qwen2.5-7B-Instruct,svamp,l2,sdr_l2,100,0.95,0.93,0.91,0.16666666666666666,0.956989247311828
20260624-175251-Qwen2.5-7B-Instruct-svamp-sinkhorn,Qwen/Qwen2.5-7B-Instruct,svamp,sinkhorn,baseline_cot,100,0.0,0.93,0.93,,0.0
20260624-175251-Qwen2.5-7B-Instruct-svamp-sinkhorn,Qwen/Qwen2.5-7B-Instruct,svamp,sinkhorn,prompt_only,100,0.89,0.93,0.91,0.16666666666666666,0.8924731182795699
20260624-175251-Qwen2.5-7B-Instruct-svamp-sinkhorn,Qwen/Qwen2.5-7B-Instruct,svamp,sinkhorn,sdr_sinkhorn,100,0.89,0.93,0.93,0.16666666666666666,0.8924731182795699
20260624-195559-Qwen2.5-7B-Instruct-svamp-random,Qwen/Qwen2.5-7B-Instruct,svamp,random,random_trigger,100,1.0,0.93,0.91,0.14285714285714285,1.0
20260624-230642-Mistral-7B-Instruct-v0.1-gsm8k-l2,mistralai/Mistral-7B-Instruct-v0.1,gsm8k,l2,baseline_cot,100,0.0,0.44,0.44,,0.0
20260624-230642-Mistral-7B-Instruct-v0.1-gsm8k-l2,mistralai/Mistral-7B-Instruct-v0.1,gsm8k,l2,prompt_only,100,0.99,0.44,0.44,0.17857142857142858,0.9772727272727273
20260624-230642-Mistral-7B-Instruct-v0.1-gsm8k-l2,mistralai/Mistral-7B-Instruct-v0.1,gsm8k,l2,sdr_l2,100,0.99,0.44,0.39,0.16071428571428573,0.9772727272727273
20260625-001738-Mistral-7B-Instruct-v0.1-gsm8k-sinkhorn,mistralai/Mistral-7B-Instruct-v0.1,gsm8k,sinkhorn,baseline_cot,100,0.0,0.44,0.44,,0.0
20260625-001738-Mistral-7B-Instruct-v0.1-gsm8k-sinkhorn,mistralai/Mistral-7B-Instruct-v0.1,gsm8k,sinkhorn,prompt_only,100,0.65,0.44,0.46,0.11428571428571428,0.6818181818181818
20260625-001738-Mistral-7B-Instruct-v0.1-gsm8k-sinkhorn,mistralai/Mistral-7B-Instruct-v0.1,gsm8k,sinkhorn,sdr_sinkhorn,100,0.65,0.44,0.46,0.2,0.6818181818181818
20260625-011259-Mistral-7B-Instruct-v0.1-gsm8k-random,mistralai/Mistral-7B-Instruct-v0.1,gsm8k,random,random_trigger,100,1.0,0.44,0.37,0.10714285714285714,1.0
20260625-020141-Yi-6B-Chat-gsm8k-l2,01-ai/Yi-6B-Chat,gsm8k,l2,baseline_cot,100,0.0,0.04,0.04,,0.0
20260625-020141-Yi-6B-Chat-gsm8k-l2,01-ai/Yi-6B-Chat,gsm8k,l2,prompt_only,100,0.82,0.04,0.07,0.0625,0.5
20260625-020141-Yi-6B-Chat-gsm8k-l2,01-ai/Yi-6B-Chat,gsm8k,l2,sdr_l2,100,0.82,0.04,0.09,0.0875,0.5
