task,problem_idx,layer,max_z,spike_idx,d2h
target,0,18,8.816908228862033,-1,
target,0,20,6.945080316975548,-1,
target,0,22,10.110376697423705,-1,
target,0,24,10.103973814949635,-1,
target,0,26,13.104326353559141,82,26
target,1,18,4.029231865988779,-1,
target,1,20,3.3013997007412406,-1,
target,1,22,2.334422125862673,-1,
target,1,24,3.7139576944457433,-1,
target,1,26,7.971622789685582,-1,
target,2,18,6.736438478925171,-1,
target,2,20,4.993709357712861,-1,
target,2,22,5.688458784348385,-1,
target,2,24,9.724752616494452,-1,
target,2,26,13.344481772870848,186,48
target,3,18,5.142808896393935,-1,
target,3,20,4.1306607467665435,-1,
target,3,22,4.475082884380425,-1,
target,3,24,7.98608348375379,-1,
target,3,26,15.791569703652513,134,10
target,4,18,11.160609568527944,-1,
target,4,20,10.971283827226587,-1,
target,4,22,6.4539101237454535,-1,
target,4,24,13.56617762163796,149,17
target,4,26,33.5128904810044,40,126
target,5,18,2.8832455363599925,-1,
target,5,20,4.133241533596334,-1,
target,5,22,8.291090224069212,-1,
target,5,24,12.67267516192064,31,80
target,5,26,15.296895438488082,31,80
target,6,18,7.670175184311938,-1,
target,6,20,8.43956338694537,-1,
target,6,22,8.006050505417805,-1,
target,6,24,5.645909750514729,-1,
target,6,26,6.807954474032489,-1,
target,7,18,8.266568955260645,-1,
target,7,20,5.736949817262061,-1,
target,7,22,7.83359520907773,-1,
target,7,24,8.959997540837257,-1,
target,7,26,12.091469112499595,-1,
target,8,18,3.89752442180656,-1,
target,8,20,3.289585632955341,-1,
target,8,22,7.315569668305165,-1,
target,8,24,15.170729710789569,38,105
target,8,26,12.466801597977568,-1,
target,9,18,13.208625751827142,57,127
target,9,20,4.862546271039686,-1,
target,9,22,10.121124129096826,-1,
target,9,24,18.965873891948657,23,161
target,9,26,10.393440857494403,-1,
target,10,18,2.5215592195713685,-1,
target,10,20,3.439939681155787,-1,
target,10,22,5.234334523666602,-1,
target,10,24,9.963559699705966,-1,
target,10,26,15.595220421671053,19,115
target,11,18,2.3496213413747293,-1,
target,11,20,3.4167142122396705,-1,
target,11,22,5.713746292649165,-1,
target,11,24,13.089649405778463,39,74
target,11,26,13.968849373605103,39,74
target,12,18,9.859903836697839,-1,
target,12,20,5.687043247988042,-1,
target,12,22,4.925312855742063,-1,
target,12,24,7.561011938890391,-1,
target,12,26,7.580272464763932,-1,
target,13,18,4.166444534636874,-1,
target,13,20,3.3164371914982187,-1,
target,13,22,2.7495230902916905,-1,
target,13,24,5.137747511192372,-1,
target,13,26,23.993792665126684,50,28
target,14,18,2.5920681823922624,-1,
target,14,20,3.0158231154369695,-1,
target,14,22,4.811668292361344,-1,
target,14,24,14.330638772614583,35,85
target,14,26,16.942439821584742,80,40
target,15,18,4.297412501079795,-1,
target,15,20,4.149282948786765,-1,
target,15,22,4.019336221041116,-1,
target,15,24,4.358915934074314,-1,
target,15,26,16.080486604094343,45,74
target,16,18,3.138055634828237,-1,
target,16,20,2.800903032267593,-1,
target,16,22,3.405313836743982,-1,
target,16,24,6.587740853002096,-1,
target,16,26,8.08227574581923,-1,
target,17,18,8.507090013123424,-1,
target,17,20,4.412340669618672,-1,
target,17,22,6.931795659122302,-1,
target,17,24,8.69679189575272,-1,
target,17,26,10.504120767390424,-1,
target,18,18,3.5784986077443732,-1,
target,18,20,2.269187090328023,-1,
target,18,22,3.0170382145039727,-1,
target,18,24,8.694121872996519,-1,
target,18,26,7.941200274589968,-1,
target,19,18,7.368642028355485,-1,
target,19,20,6.122809280870505,-1,
target,19,22,7.808966435384741,-1,
target,19,24,17.307881450150383,31,88
target,19,26,16.68897849559852,31,88
control:cnn_dailymail,0,18,3.572687334636294,-1,
control:cnn_dailymail,0,20,10.00466576611516,-1,
control:cnn_dailymail,0,22,4.751589351692512,-1,
control:cnn_dailymail,0,24,2.9184451641026943,-1,
control:cnn_dailymail,0,26,3.2955705071540566,-1,
control:cnn_dailymail,1,18,5.6272162090242,-1,
control:cnn_dailymail,1,20,5.0330654808530655,-1,
control:cnn_dailymail,1,22,5.231227934105021,-1,
control:cnn_dailymail,1,24,4.346850033541267,-1,
control:cnn_dailymail,1,26,4.567253288841825,-1,
control:cnn_dailymail,2,18,3.2582284320154566,-1,
control:cnn_dailymail,2,20,3.653048922497316,-1,
control:cnn_dailymail,2,22,3.9485931536328605,-1,
control:cnn_dailymail,2,24,4.044507896117164,-1,
control:cnn_dailymail,2,26,6.086961468679859,-1,
control:cnn_dailymail,3,18,7.070974757698947,-1,
control:cnn_dailymail,3,20,4.67266470783883,-1,
control:cnn_dailymail,3,22,4.304216817363172,-1,
control:cnn_dailymail,3,24,5.828254526234248,-1,
control:cnn_dailymail,3,26,6.025394653054832,-1,
control:cnn_dailymail,4,18,17.240555117467142,24,39
control:cnn_dailymail,4,20,11.62542099915167,-1,
control:cnn_dailymail,4,22,4.453239308655185,-1,
control:cnn_dailymail,4,24,1.9913464535728533,-1,
control:cnn_dailymail,4,26,2.6283385826539445,-1,
control:cnn_dailymail,5,18,4.109338923635568,-1,
control:cnn_dailymail,5,20,4.353211260901144,-1,
control:cnn_dailymail,5,22,3.7660111856646488,-1,
control:cnn_dailymail,5,24,4.778155172401772,-1,
control:cnn_dailymail,5,26,3.107359852464461,-1,
control:cnn_dailymail,6,18,1.8555403252116258,-1,
control:cnn_dailymail,6,20,1.9004867844969555,-1,
control:cnn_dailymail,6,22,2.8099539112001164,-1,
control:cnn_dailymail,6,24,3.428699061007763,-1,
control:cnn_dailymail,6,26,3.7243159343340047,-1,
control:cnn_dailymail,7,18,3.858957752818915,-1,
control:cnn_dailymail,7,20,3.1029914449657823,-1,
control:cnn_dailymail,7,22,2.2191310581164925,-1,
control:cnn_dailymail,7,24,1.2922498722601128,-1,
control:cnn_dailymail,7,26,0.5811469633229374,-1,
control:cnn_dailymail,8,18,4.390835417937555,-1,
control:cnn_dailymail,8,20,3.8513036563022434,-1,
control:cnn_dailymail,8,22,3.3919511885831883,-1,
control:cnn_dailymail,8,24,4.74419784248726,-1,
control:cnn_dailymail,8,26,1.5076720057489632,-1,
control:cnn_dailymail,9,18,4.424070051957429,-1,
control:cnn_dailymail,9,20,5.343515233652001,-1,
control:cnn_dailymail,9,22,4.312245226650304,-1,
control:cnn_dailymail,9,24,3.960960308792378,-1,
control:cnn_dailymail,9,26,5.811740921823057,-1,
control:cnn_dailymail,10,18,5.221675579204639,-1,
control:cnn_dailymail,10,20,4.69362635567362,-1,
control:cnn_dailymail,10,22,3.420438174381107,-1,
control:cnn_dailymail,10,24,4.430412710861591,-1,
control:cnn_dailymail,10,26,6.9183724333130625,-1,
control:cnn_dailymail,11,18,3.8832615095046235,-1,
control:cnn_dailymail,11,20,5.938614714592651,-1,
control:cnn_dailymail,11,22,6.327991077349625,-1,
control:cnn_dailymail,11,24,6.800191398664945,-1,
control:cnn_dailymail,11,26,2.976434019954972,-1,
control:cnn_dailymail,12,18,6.9585275380754945,-1,
control:cnn_dailymail,12,20,11.705981367203535,-1,
control:cnn_dailymail,12,22,5.45028740713789,-1,
control:cnn_dailymail,12,24,7.275607406310034,-1,
control:cnn_dailymail,12,26,10.4065047248166,-1,
control:cnn_dailymail,13,18,3.459721499732423,-1,
control:cnn_dailymail,13,20,3.434539093253976,-1,
control:cnn_dailymail,13,22,3.3603282541560047,-1,
control:cnn_dailymail,13,24,4.991983836612552,-1,
control:cnn_dailymail,13,26,4.153994217649234,-1,
control:cnn_dailymail,14,18,4.473098857154271,-1,
control:cnn_dailymail,14,20,4.171517270442497,-1,
control:cnn_dailymail,14,22,3.2249217031410145,-1,
control:cnn_dailymail,14,24,5.407422152443136,-1,
control:cnn_dailymail,14,26,7.3169545500256055,-1,
control:cnn_dailymail,15,18,2.333781115939116,-1,
control:cnn_dailymail,15,20,2.117226949525047,-1,
control:cnn_dailymail,15,22,1.7209378126247374,-1,
control:cnn_dailymail,15,24,1.7910193884096173,-1,
control:cnn_dailymail,15,26,3.052127996927063,-1,
control:cnn_dailymail,16,18,4.442098307635039,-1,
control:cnn_dailymail,16,20,7.348834511879501,-1,
control:cnn_dailymail,16,22,7.303228617469875,-1,
control:cnn_dailymail,16,24,17.04746961136467,37,47
control:cnn_dailymail,16,26,12.001769119794282,-1,
control:cnn_dailymail,17,18,3.396979827789262,-1,
control:cnn_dailymail,17,20,3.4234412547649185,-1,
control:cnn_dailymail,17,22,3.3876333045915876,-1,
control:cnn_dailymail,17,24,3.2025809627538826,-1,
control:cnn_dailymail,17,26,2.744639591547221,-1,
control:cnn_dailymail,18,18,4.877972441081973,-1,
control:cnn_dailymail,18,20,5.242904882732455,-1,
control:cnn_dailymail,18,22,10.02293173299871,-1,
control:cnn_dailymail,18,24,15.537023010979881,24,39
control:cnn_dailymail,18,26,11.80706021445901,-1,
control:cnn_dailymail,19,18,5.45180894978962,-1,
control:cnn_dailymail,19,20,5.545879954533314,-1,
control:cnn_dailymail,19,22,4.399612904663372,-1,
control:cnn_dailymail,19,24,7.6309288532882436,-1,
control:cnn_dailymail,19,26,9.465740036300177,-1,
control:mbpp,0,18,7.0989249785722865,-1,
control:mbpp,0,20,8.673899881276794,-1,
control:mbpp,0,22,7.5541167193275,-1,
control:mbpp,0,24,10.262231852444742,-1,
control:mbpp,0,26,13.704026640026257,192,196
control:mbpp,1,18,16.236896692985848,162,232
control:mbpp,1,20,19.0895723056702,162,232
control:mbpp,1,22,21.302395701203743,52,342
control:mbpp,1,24,57.38273863542704,24,370
control:mbpp,1,26,39.01775232888644,24,370
control:mbpp,2,18,16.2674168166028,233,
control:mbpp,2,20,9.90849412488972,-1,
control:mbpp,2,22,9.688983546586288,-1,
control:mbpp,2,24,12.517021363182549,213,
control:mbpp,2,26,19.10015629573719,103,
control:mbpp,3,18,9.084713393860815,-1,
control:mbpp,3,20,10.152054972414696,-1,
control:mbpp,3,22,8.235218970862078,-1,
control:mbpp,3,24,10.85449668969456,-1,
control:mbpp,3,26,17.179390789273715,84,
control:mbpp,4,18,6.149773009956837,-1,
control:mbpp,4,20,6.200868097130376,-1,
control:mbpp,4,22,8.119095106142817,-1,
control:mbpp,4,24,15.320223268912,159,163
control:mbpp,4,26,25.998254339365015,100,222
control:mbpp,5,18,15.779219688950091,267,26
control:mbpp,5,20,11.327445879767923,-1,
control:mbpp,5,22,12.35834251605021,-1,
control:mbpp,5,24,12.502665630252768,69,224
control:mbpp,5,26,14.243703990683834,75,218
control:mbpp,6,18,9.199854884368461,-1,
control:mbpp,6,20,11.774691849902176,-1,
control:mbpp,6,22,15.274054177898448,87,139
control:mbpp,6,24,21.375289896628228,70,156
control:mbpp,6,26,25.486805895325027,65,161
control:mbpp,7,18,18.995853660118758,94,248
control:mbpp,7,20,8.56630125565332,-1,
control:mbpp,7,22,8.667651718534875,-1,
control:mbpp,7,24,13.168852322015473,216,126
control:mbpp,7,26,22.57254489229346,58,284
control:mbpp,8,18,17.261980057802624,63,197
control:mbpp,8,20,12.877208909373264,161,99
control:mbpp,8,22,10.376061920314918,-1,
control:mbpp,8,24,22.36856354688335,47,213
control:mbpp,8,26,17.59628799692504,77,183
control:mbpp,9,18,11.249801863331866,-1,
control:mbpp,9,20,10.632534867738315,-1,
control:mbpp,9,22,9.634008023955728,-1,
control:mbpp,9,24,6.949216709526003,-1,
control:mbpp,9,26,6.810365919891846,-1,
control:mbpp,10,18,38.38215249508598,53,
control:mbpp,10,20,23.249253666075475,53,
control:mbpp,10,22,7.287110934393353,-1,
control:mbpp,10,24,11.97064586025522,-1,
control:mbpp,10,26,33.9104742997726,18,
control:mbpp,11,18,8.854924394709876,-1,
control:mbpp,11,20,9.436974525853996,-1,
control:mbpp,11,22,11.41672151433778,-1,
control:mbpp,11,24,34.263064608106205,23,233
control:mbpp,11,26,31.185259474106257,23,233
control:mbpp,12,18,9.683124040162872,-1,
control:mbpp,12,20,13.62766947031585,89,130
control:mbpp,12,22,16.120090916752627,87,132
control:mbpp,12,24,66.46242800174767,22,197
control:mbpp,12,26,39.67891842715651,28,191
control:mbpp,13,18,9.13624196443245,-1,
control:mbpp,13,20,9.264768478009076,-1,
control:mbpp,13,22,11.501064443920297,-1,
control:mbpp,13,24,13.502752291753556,138,216
control:mbpp,13,26,8.215652784622458,-1,
control:mbpp,14,18,9.677401662292251,-1,
control:mbpp,14,20,11.254978263288871,-1,
control:mbpp,14,22,21.856917481493436,67,215
control:mbpp,14,24,47.38090546764932,47,235
control:mbpp,14,26,43.66655602078019,23,259
control:mbpp,15,18,11.78590618186735,-1,
control:mbpp,15,20,9.161682392828014,-1,
control:mbpp,15,22,10.19761177805698,-1,
control:mbpp,15,24,13.252679661226736,240,95
control:mbpp,15,26,14.179040905252696,225,110
control:mbpp,16,18,11.299702617388522,-1,
control:mbpp,16,20,7.259245751866723,-1,
control:mbpp,16,22,7.875296682257827,-1,
control:mbpp,16,24,20.698382744946322,73,150
control:mbpp,16,26,15.871198426115528,79,144
control:mbpp,17,18,10.409539135670984,-1,
control:mbpp,17,20,16.183358559324077,45,
control:mbpp,17,22,8.40425666979126,-1,
control:mbpp,17,24,4.055982468618784,-1,
control:mbpp,17,26,4.628560610105636,-1,
control:mbpp,18,18,6.132542782232671,-1,
control:mbpp,18,20,12.060417430902584,-1,
control:mbpp,18,22,40.38262423586467,25,308
control:mbpp,18,24,18.649434658157745,158,175
control:mbpp,18,26,10.355298930416595,-1,
control:mbpp,19,18,6.324087127573475,-1,
control:mbpp,19,20,8.138857783855993,-1,
control:mbpp,19,22,13.840067388530485,88,219
control:mbpp,19,24,31.55337999904636,32,275
control:mbpp,19,26,38.77018988741745,31,276
